-- Seed data for VedicRoots Attendance System (System Documentation 2025-2026)

-- 1. Academic Year
INSERT INTO public.academic_years (id, name, start_date, end_date, active) VALUES
('y202500-0000-0000-0000-000000000001', '2025-2026', '2025-09-01', '2026-06-26', true);

-- 2. School Settings
-- Note: Assuming table initialized; upserting to ensure values
INSERT INTO public.school_settings (school_name, current_academic_year_id, cutoff_time_kg, cutoff_time_elementary, late_fee_per_minute)
VALUES ('VedicRoots', 'y202500-0000-0000-0000-000000000001', '09:15:00', '09:00:00', 1.00);

-- 3. Grades
INSERT INTO public.grades (id, name, "order", type) VALUES
('g0000000-0000-0000-0000-000000000001', 'JK', 1, 'KINDERGARTEN'),
('g0000000-0000-0000-0000-000000000002', 'SK', 2, 'KINDERGARTEN'),
('g0000000-0000-0000-0000-000000000003', 'Grade 1', 3, 'ELEMENTARY'),
('g0000000-0000-0000-0000-000000000004', 'Grade 2', 4, 'ELEMENTARY'),
('g0000000-0000-0000-0000-000000000005', 'Grade 3', 5, 'ELEMENTARY'),
('g0000000-0000-0000-0000-000000000006', 'Grade 4', 6, 'ELEMENTARY'),
('g0000000-0000-0000-0000-000000000007', 'Grade 5', 7, 'ELEMENTARY'),
('g0000000-0000-0000-0000-000000000008', 'Grade 6', 8, 'ELEMENTARY'),
('g0000000-0000-0000-0000-000000000009', 'Grade 7', 9, 'ELEMENTARY');

-- 4. Classrooms
INSERT INTO public.classrooms (id, name, capacity) VALUES
('c1000000-0000-0000-0000-000000000001', 'KG 1', 20),
('c2000000-0000-0000-0000-000000000002', 'KG 2', 20),
('c3000000-0000-0000-0000-000000000003', 'Lower Elementary', 30),
('c4000000-0000-0000-0000-000000000004', 'Upper Elementary', 30);

-- 5. Classroom Grades Mapping
-- KG 1 & KG 2 -> JK, SK
INSERT INTO public.classroom_grades (classroom_id, grade_id) VALUES
('c1000000-0000-0000-0000-000000000001', 'g0000000-0000-0000-0000-000000000001'), -- KG 1 -> JK
('c1000000-0000-0000-0000-000000000001', 'g0000000-0000-0000-0000-000000000002'), -- KG 1 -> SK
('c2000000-0000-0000-0000-000000000002', 'g0000000-0000-0000-0000-000000000001'), -- KG 2 -> JK
('c2000000-0000-0000-0000-000000000002', 'g0000000-0000-0000-0000-000000000002'); -- KG 2 -> SK

-- Lower Elementary -> Gr 1-3
INSERT INTO public.classroom_grades (classroom_id, grade_id) VALUES
('c3000000-0000-0000-0000-000000000003', 'g0000000-0000-0000-0000-000000000003'), -- Gr 1
('c3000000-0000-0000-0000-000000000003', 'g0000000-0000-0000-0000-000000000004'), -- Gr 2
('c3000000-0000-0000-0000-000000000003', 'g0000000-0000-0000-0000-000000000005'); -- Gr 3

-- Upper Elementary -> Gr 4-7
INSERT INTO public.classroom_grades (classroom_id, grade_id) VALUES
('c4000000-0000-0000-0000-000000000004', 'g0000000-0000-0000-0000-000000000006'), -- Gr 4
('c4000000-0000-0000-0000-000000000004', 'g0000000-0000-0000-0000-000000000007'), -- Gr 5
('c4000000-0000-0000-0000-000000000004', 'g0000000-0000-0000-0000-000000000008'), -- Gr 6
('c4000000-0000-0000-0000-000000000004', 'g0000000-0000-0000-0000-000000000009'); -- Gr 7

-- 6. Students (Sample)
INSERT INTO public.students (first_name, last_name, classroom_id, grade_id) VALUES
-- KG 1
('Aarav', 'Sharma', 'c1000000-0000-0000-0000-000000000001', 'g0000000-0000-0000-0000-000000000001'), -- JK
('Ishani', 'Verma', 'c1000000-0000-0000-0000-000000000001', 'g0000000-0000-0000-0000-000000000002'), -- SK
-- KG 2
('Vihaan', 'Gupta', 'c2000000-0000-0000-0000-000000000002', 'g0000000-0000-0000-0000-000000000001'), -- JK
-- Lower Elementary
('Ananya', 'Iyer', 'c3000000-0000-0000-0000-000000000003', 'g0000000-0000-0000-0000-000000000003'), -- Gr 1
('Reyansh', 'Malhotra', 'c3000000-0000-0000-0000-000000000003', 'g0000000-0000-0000-0000-000000000005'), -- Gr 3
-- Upper Elementary
('Myra', 'Singh', 'c4000000-0000-0000-0000-000000000004', 'g0000000-0000-0000-0000-000000000008'); -- Gr 6
